{"input_scaler": {"expected_columns": ["Inlet", "Recovery", "Flow"], "offset": {"Inlet": 35.0, "Recovery": 0.05, "Flow": 1.6}, "factor": {"Inlet": 165.0, "Recovery": 0.7999999999999999, "Flow": 30.629999999999995}}, "output_scaler": {"expected_columns": ["CAPEX", "OPEX", "Energy"], "offset": {"CAPEX": 25.78217850867233, "OPEX": 41.89832049195903, "Energy": 29.92737177997073}, "factor": {"CAPEX": 433.6773966009814, "OPEX": 2092.442687402301, "Energy": 1494.601919573072}}, "input_labels": ["Inlet", "Recovery", "Flow"], "output_labels": ["CAPEX", "OPEX", "Energy"], "input_bounds": {"Inlet": [35.0, 200], "Recovery": [0.05, 0.85], "Flow": [1.6, 32.23]}}