{"input_scaler": {"expected_columns": ["Inlet", "Recovery", "Flow"], "offset": {"Inlet": 35.0, "Recovery": 0.05, "Flow": 1000.0}, "factor": {"Inlet": 165.0, "Recovery": 0.7999999999999999, "Flow": 19000.0}}, "output_scaler": {"expected_columns": ["CAPEX", "OPEX", "Energy"], "offset": {"CAPEX": 24.91972458072224, "OPEX": 42.28427946601668, "Energy": 30.20305676144049}, "factor": {"CAPEX": 778.1586329981857, "OPEX": 10152.677100848032, "Energy": 7251.91221489145}}, "input_labels": ["Inlet", "Recovery", "Flow"], "output_labels": ["CAPEX", "OPEX", "Energy"], "input_bounds": {"Inlet": [35.0, 200], "Recovery": [0.05, 0.95], "Flow": [1000.0, 20000.0]}}