{"input_scaler": {"expected_columns": ["Inlet", "Recovery", "Flow"], "offset": {"Inlet": 36.23396520383995, "Recovery": 0.05040321604853382, "Flow": 1.726526286049804}, "factor": {"Inlet": 156.71963183355325, "Recovery": 0.771036682678084, "Flow": 7.368710772292129}}, "output_scaler": {"expected_columns": ["CAPEX", "OPEX"], "offset": {"CAPEX": 23.74178933984921, "OPEX": 7.9290921613449745}, "factor": {"CAPEX": 7870.199933024244, "OPEX": 829.8441910467524}}, "input_labels": ["Inlet", "Recovery", "Flow"], "output_labels": ["CAPEX", "OPEX"], "input_bounds": {"Inlet": [0.0, 200], "Recovery": [0.05, 0.85], "Flow": [0, 10]}}